{
  "Angles Only + MLP": {
    "acc_mean": 0.7950393224440411,
    "acc_std": 0.0015014729154254048,
    "f1_mean": 0.7885631632056442,
    "f1_std": 0.0010667685241069552
  },
  "Angles Only + LSTM": {
    "acc_mean": 0.8215366001209923,
    "acc_std": 0.009702030343244725,
    "f1_mean": 0.8180082862649352,
    "f1_std": 0.008857763183677298
  },
  "Angles Only + 1D-CNN": {
    "acc_mean": 0.8350877192982458,
    "acc_std": 0.006807891057052707,
    "f1_mean": 0.8335716210384575,
    "f1_std": 0.006406309596668552
  },
  "Angles Only + TCN": {
    "acc_mean": 0.8362976406533574,
    "acc_std": 0.0136437075465316,
    "f1_mean": 0.8335404810801134,
    "f1_std": 0.012294465492584323
  },
  "Delta Only + MLP": {
    "acc_mean": 0.3927404718693285,
    "acc_std": 0.008481540069363285,
    "f1_mean": 0.3561059702190847,
    "f1_std": 0.0108928120688993
  },
  "Delta Only + LSTM": {
    "acc_mean": 0.5670901391409559,
    "acc_std": 0.016807022726374184,
    "f1_mean": 0.557738436013446,
    "f1_std": 0.02277624916533418
  },
  "Delta Only + 1D-CNN": {
    "acc_mean": 0.666303690260133,
    "acc_std": 0.008193588846140132,
    "f1_mean": 0.6677137466234344,
    "f1_std": 0.008101626936596799
  },
  "Delta Only + TCN": {
    "acc_mean": 0.6450090744101633,
    "acc_std": 0.017455605459324418,
    "f1_mean": 0.646688666079856,
    "f1_std": 0.01679381620695151
  },
  "Angles+Delta + MLP": {
    "acc_mean": 0.74010889292196,
    "acc_std": 0.013257337472050578,
    "f1_mean": 0.7332103927122142,
    "f1_std": 0.011450797413486223
  },
  "Angles+Delta + LSTM": {
    "acc_mean": 0.8260133091349061,
    "acc_std": 0.008603212987117323,
    "f1_mean": 0.8236569978847198,
    "f1_std": 0.009191336542741048
  },
  "Angles+Delta + 1D-CNN": {
    "acc_mean": 0.8514216575922566,
    "acc_std": 0.008352839972942838,
    "f1_mean": 0.849583613242969,
    "f1_std": 0.007929878743828781
  },
  "Angles+Delta + TCN": {
    "acc_mean": 0.8390804597701148,
    "acc_std": 0.00958819734115375,
    "f1_mean": 0.8366079117307674,
    "f1_std": 0.009003574849467023
  }
}