{
  "raw_cnn_acc": {
    "mean": 0.8890740887831174,
    "std": 0.02092511346999843
  },
  "raw_lstm_acc": {
    "mean": 0.8736464062517876,
    "std": 0.01743794629440328
  },
  "feat_cnn_acc": {
    "mean": 0.81125450850521,
    "std": 0.027854855665231586
  },
  "feat_lstm_acc": {
    "mean": 0.80286762660783,
    "std": 0.023007424582208714
  },
  "cv_results": {
    "split_42": {
      "raw_cnn_acc": [
        0.9280096793708409,
        0.9201451905626135,
        0.9001814882032668,
        0.9195402298850575,
        0.9140955837870538
      ],
      "raw_lstm_acc": [
        0.8717483363581368,
        0.9007864488808227,
        0.8892921960072595,
        0.9128856624319419,
        0.8753781004234725
      ],
      "feat_cnn_acc": [
        0.8475499092558983,
        0.8475499092558983,
        0.8366606170598911,
        0.8578342407743497,
        0.8554143980641258
      ],
      "feat_lstm_acc": [
        0.8408953418027828,
        0.837265577737447,
        0.809437386569873,
        0.8396854204476709,
        0.8354506957047791
      ]
    },
    "split_123": {
      "raw_cnn_acc": [
        0.8737046632124352,
        0.8691709844559585,
        0.8724093264248705,
        0.8801813471502591,
        0.8646373056994818
      ],
      "raw_lstm_acc": [
        0.8788860103626943,
        0.8588082901554405,
        0.8497409326424871,
        0.8516839378238342,
        0.8626943005181347
      ],
      "feat_cnn_acc": [
        0.7856217616580311,
        0.7869170984455959,
        0.7927461139896373,
        0.8005181347150259,
        0.8005181347150259
      ],
      "feat_lstm_acc": [
        0.7985751295336787,
        0.7933937823834197,
        0.7901554404145078,
        0.792098445595855,
        0.7733160621761658
      ]
    },
    "split_456": {
      "raw_cnn_acc": [
        0.8648477157360406,
        0.883248730964467,
        0.8876903553299492,
        0.8781725888324873,
        0.8800761421319797
      ],
      "raw_lstm_acc": [
        0.8826142131979695,
        0.868020304568528,
        0.8769035532994924,
        0.873730964467005,
        0.8515228426395939
      ],
      "feat_cnn_acc": [
        0.7931472081218274,
        0.7874365482233503,
        0.7874365482233503,
        0.809010152284264,
        0.7804568527918782
      ],
      "feat_lstm_acc": [
        0.7804568527918782,
        0.7982233502538071,
        0.7861675126903553,
        0.7779187817258884,
        0.7899746192893401
      ]
    }
  }
}