{
  "acc_mean": 0.9451905626134302,
  "acc_std": 0.0030989107017218775,
  "f1_mean": 0.9461440222972438,
  "f1_std": 0.0028000753238836716,
  "params": 110473,
  "time_ms": 16.615240573883057
}