{
  "DD-Net (Pos+Vel, 66-dim)": {
    "acc_mean": 0.9410768300060497,
    "acc_std": 0.01034182003453508,
    "f1_mean": 0.942003358069577,
    "f1_std": 0.010016406178232164
  },
  "DD-Net Angle+Diff (16-dim)": {
    "acc_mean": 0.8793708408953418,
    "acc_std": 0.008628699010127241,
    "f1_mean": 0.8773565918224067,
    "f1_std": 0.00918547091228482
  },
  "input_gap": 0.061705989110707904,
  "architecture_gap": 0.028070840895341842
}