{
  "total_samples": 500,
  "correct_count": 407,
  "incorrect_count": 93,
  "mean_frames": 16.90909090909091,
  "median_frames": 18.0,
  "std_frames": 6.688880421010367,
  "mean_ms": 563.6363636363637,
  "median_ms": 600.0
}