{
  "summary": {
    "raw_cnn_acc": {
      "mean": 0.885063689669095,
      "std": 0.025322697303843983
    },
    "feat_cnn_acc": {
      "mean": 0.8081075260774464,
      "std": 0.024630927726008115
    },
    "feat_lstm_acc": {
      "mean": 0.7754962127189506,
      "std": 0.03200015348126445
    }
  },
  "per_split": {
    "split_42": {
      "raw_cnn_acc": [
        0.9186712485681557,
        0.9198167239404352,
        0.9140893470790378
      ],
      "feat_cnn_acc": [
        0.8327605956471936,
        0.847651775486827,
        0.8465063001145475
      ],
      "feat_lstm_acc": [
        0.8041237113402062,
        0.8361970217640321,
        0.8075601374570447
      ]
    },
    "split_123": {
      "raw_cnn_acc": [
        0.8562577447335812,
        0.862453531598513,
        0.8698884758364313
      ],
      "feat_cnn_acc": [
        0.7856257744733581,
        0.7930607187112764,
        0.7893432465923172
      ],
      "feat_lstm_acc": [
        0.7459727385377943,
        0.7608426270136307,
        0.7385377942998761
      ]
    },
    "split_456": {
      "raw_cnn_acc": [
        0.8804347826086957,
        0.8538647342995169,
        0.8900966183574879
      ],
      "feat_cnn_acc": [
        0.7910628019323671,
        0.7910628019323671,
        0.7958937198067633
      ],
      "feat_lstm_acc": [
        0.782608695652174,
        0.7572463768115942,
        0.7463768115942029
      ]
    }
  }
}