{
  "angles_acc": {
    "mean": 0.8186327888687236,
    "std": 0.006244882226528225
  },
  "angles_f1": {
    "mean": 0.8145887720557061,
    "std": 0.0067944912789021875
  },
  "delta_acc": {
    "mean": 0.5663641863278887,
    "std": 0.021903921118011677
  },
  "delta_f1": {
    "mean": 0.5529519118059805,
    "std": 0.0315854433557959
  },
  "fused_acc": {
    "mean": 0.8301270417422867,
    "std": 0.017878200153937936
  },
  "fused_f1": {
    "mean": 0.827357432774926,
    "std": 0.01735416670663037
  },
  "cnn_acc": {
    "mean": 0.8513006654567453,
    "std": 0.00933601535335046
  },
  "cnn_f1": {
    "mean": 0.8491530966471863,
    "std": 0.00918143362970778
  },
  "tcn_acc": {
    "mean": 0.8429522081064731,
    "std": 0.004023784427904616
  },
  "tcn_f1": {
    "mean": 0.8402879699542712,
    "std": 0.004297713952258855
  },
  "upper_acc": {
    "mean": 0.7626134301270417,
    "std": 0.00594710501025745
  },
  "upper_f1": {
    "mean": 0.7584618539171235,
    "std": 0.004892244785981859
  },
  "lower_acc": {
    "mean": 0.6877192982456141,
    "std": 0.007462380614692926
  },
  "lower_f1": {
    "mean": 0.6866635479556024,
    "std": 0.00717223874965519
  },
  "svm_acc": {
    "mean": 0.5462794918330308,
    "std": 0.0
  },
  "svm_f1": {
    "mean": 0.5437718613767568,
    "std": 0.0
  },
  "rf_acc": {
    "mean": 0.8210526315789475,
    "std": 0.003983563855572725
  },
  "rf_f1": {
    "mean": 0.814053220704835,
    "std": 0.004387601557935727
  },
  "best_seed": 42,
  "best_confusion": [
    [
      95,
      1,
      1,
      4,
      9,
      1,
      2,
      1,
      0
    ],
    [
      4,
      68,
      0,
      0,
      2,
      0,
      0,
      0,
      0
    ],
    [
      5,
      0,
      20,
      0,
      5,
      5,
      1,
      3,
      0
    ],
    [
      2,
      2,
      0,
      113,
      1,
      5,
      0,
      0,
      0
    ],
    [
      14,
      0,
      1,
      5,
      245,
      22,
      5,
      0,
      3
    ],
    [
      0,
      0,
      0,
      23,
      24,
      199,
      8,
      0,
      2
    ],
    [
      3,
      0,
      0,
      6,
      11,
      21,
      38,
      17,
      2
    ],
    [
      0,
      0,
      0,
      0,
      4,
      13,
      0,
      335,
      7
    ],
    [
      1,
      0,
      0,
      1,
      1,
      0,
      0,
      3,
      289
    ]
  ],
  "per_seed": {
    "42": {
      "fused_acc": 0.8481548699334543,
      "cnn_acc": 0.8590441621294616,
      "tcn_acc": 0.8421052631578947,
      "angles_acc": 0.8106473079249849,
      "delta_acc": 0.5553539019963702,
      "upper_acc": 0.7616454930429523,
      "lower_acc": 0.6854204476709014
    },
    "123": {
      "fused_acc": 0.8475499092558983,
      "cnn_acc": 0.8602540834845736,
      "tcn_acc": 0.8463399879007865,
      "angles_acc": 0.8148820326678766,
      "delta_acc": 0.6019358741681791,
      "upper_acc": 0.7701149425287356,
      "lower_acc": 0.6745311554748942
    },
    "456": {
      "fused_acc": 0.8281911675741077,
      "cnn_acc": 0.838475499092559,
      "tcn_acc": 0.8390804597701149,
      "angles_acc": 0.8197217180883243,
      "delta_acc": 0.5359951603145795,
      "upper_acc": 0.7676950998185118,
      "lower_acc": 0.6963097398669087
    },
    "789": {
      "fused_acc": 0.8275862068965517,
      "cnn_acc": 0.8572292800967937,
      "tcn_acc": 0.838475499092559,
      "angles_acc": 0.8294010889292196,
      "delta_acc": 0.5632183908045977,
      "upper_acc": 0.7531760435571688,
      "lower_acc": 0.690260133091349
    },
    "1024": {
      "fused_acc": 0.7991530550514216,
      "cnn_acc": 0.8415003024803388,
      "tcn_acc": 0.8487598306110102,
      "angles_acc": 0.8185117967332124,
      "delta_acc": 0.5753176043557169,
      "upper_acc": 0.7604355716878403,
      "lower_acc": 0.6920750151240169
    }
  }
}